﻿<?xml version="1.0" encoding="UTF-8"?>
<root>
  <item name="BattleConfig" md5="85dc63ebc7615974977fdf6434af3728" type="4" />
  <item name="BattleFieldOverviewModeExtra" md5="df43d535c8a365c412d61f10538a0dfc" type="4" />
  <item name="Document" md5="c91754b400ca1f27943eaaba27676e92" type="4" />
  <item name="GuideModeExtra" md5="77b4c95722a8f3d6e3c14f10b27813f6" type="4" />
  <item name="LoadResMgrHigh_and" md5="18f627508d127d1eea8331245310466c" type="4" />
  <item name="LoadResMgrSimple_and" md5="8df76272eeae74ce95b696db412ca8c4" type="4" />
  <item name="LoadResMgr_and" md5="cedec0ebfab8b32305a5b73bd6986e70" type="4" />
  <item name="BaseDepend" md5="e3b036c4bb7ffdb18a166ab937aa739c" type="1" />
  <item name="ShaderVariants" md5="59213a4d1f69d101a34cd7cf8b36e090" type="1" />
  <item name="ShaderVariantsInBattle" md5="5859bc155bea1b81f1b15dbc8f6261a2" type="1" />
  <item name="Atlas_CommonUI" md5="58ce16981ff728d72b47fcd0aef75022" type="0" />
  <item name="UI_BattleShop" md5="0f207fd4f4e5d2a31af28438cc65e406" type="0" />
  <item name="UI_HeadInfo" md5="4877870a4b90d979b721b8a86ad64b32" type="0" />
  <item name="UI_JoyStick" md5="7f6a43fdf1620124326c3948b34cc83d" type="0" />
  <item name="UI_MainInterface" md5="916d49ccab00467a7a2cf34044dd9a0c" type="0" />
  <item name="UI_MiniMap" md5="788367a7f6223bad58202a8cd68602d0" type="0" />
  <item name="UI_PlayerInfo" md5="a4807934f5169869f613f5c6dd433741" type="0" />
  <item name="PVP_032_low" md5="19993441f7d1959701dcaa46e5225ec7" type="5" />
  <version name="772.1" />
</root>